user_id,business_id,review_stars
RdjZZSpaUlyEDWhhUKFM1Q,E_jnzr_iuZGeUeP-5VMi2Q,5.0
9Z4v4zdbvzUbaVP0hBslgw,v_vqna00z6WqKcIJZDkbAw,5.0
UOUw1omZi8uWhCyvVUSCOA,14wug4g_h4K-8zqxGIQ7gw,5.0
SxUOkXsorfKSIwCgEYpDPg,RbzuOJPSnR4NnG1On36ULg,5.0
QsRSwjBPcp47xwYxj6hjXg,C9-AL6Cxfb7cJ3tQ07abzg,5.0
k3iicSOVK6hsEGF_fawvgg,KS-_YcMsLdWIbM1slhsWbA,5.0
yKFxA_2GDIDyIhYAkhqWGw,XipwoysF1dPd0BJfNBo2Zw,5.0
4_6WR16UHJ3n2AMWsj_sEQ,MRicGSGN-pCtP-wEFiAWKQ,5.0
eDAJYM3JNV9b7osQ4SZ3KQ,kNCbrDQ6T2FgC5zjkye30A,5.0
aExun99Z51PiG8-w6PH3Rw,uPoGBg74wu5szsOBzITRCg,5.0
o5zOSS2m8jTiCu9FMU-pRw,5UJvJ9L_eeGp0Z28hW4h4w,5.0
90rODD6sq5uOa0gUhOniuA,qm4n5ebzaTZwZA2owMaWpQ,5.0
KfvrnUKTV2gaD5daBVhy6w,cn1Xjzwtj2rppEi0ZIPaZQ,5.0
C2bFGi_uunl2Jx8bI4EXAQ,pTlvSTFoGVwUK30Cpj4nGQ,5.0
KwokO-ZWphRaQgCdb6wBRQ,0qajFQEYoYcYRwWGThbYLA,5.0
QsCCxKBXidYE8AWAUC0R0A,lAzhqFt9SnLt_DXpu6iwoA,5.0
Sft4hNJzfrTSXExon2ApNw,m6MJhKvfw6b682b9f4OcbQ,5.0
EIgt7MlXeYgTZrYfBhbVXA,LULmYza-tIDL4k41UHyCug,5.0
fUxljTfzJEOjLW52KZDXKA,Ikm8LPbDZlJd4wPk-kQezw,5.0
5PHc9BHLKpeIws0ImYnNXQ,lgrDv-9XYWoTBuGByGshYw,5.0
IgKPnPma7yAYRRFSaAB66g,lcfD0VSjMxHYBnH-a4-w0g,5.0
1sA4O76JHK6c0_mhiidX3g,TdqChBrlQ4RxNtvxGF6tDQ,5.0
5xm3zQQXKUShXIR2ppCoXQ,QKMcd70-hcc23OzOoBIItQ,5.0
T-2ZJbLSRxRI_Gu5pLETTQ,S1Tu64bLEmg4aoYAUKKhUA,5.0
EcaNCb7A9vEiNtsztL1OUg,8ZSj95pgzTBdUxORgATCSQ,5.0
UNp-pbcYImKrNhob5UoQIA,WKSf7UQhANmzyxCtJ87abw,5.0
hBIsNGnNssvfQDOh_j1pYA,kTjWrQIpVXMle5FTNlerWw,5.0
kD9aITYSuzqIARWtAUWhUA,5EJQLjYKZAXhrur_h1n47Q,5.0
F7lYygnAG2e8L2CndS0gGA,wIekFhz6Ivtj7vN5qt5XwA,5.0
A7DNnpVi4D7nJ36sZTXU3g,t9cJMOdRBcci1g4pmWtFjg,5.0
nUzCI0wukjL9b4Uz0Tn9YQ,Cw1Bns7c_DMefNQxOcWUeg,5.0
GKNJ2yv8tPoZoOfmnTwQ-Q,EjsLGIHUC7E0U-HdSujKNA,5.0
foDd6oX1Cj7vBQVa4ras1g,Xfrk9ZRv_v8IB8t1JmnwVA,5.0
MXxomcsySyVpH-vOJXfYWw,X-E_qJ1Z9tif_4FGQgs91A,5.0
gOtZRJAq12IieV3iXAAf0g,lROi3RtwE97SSYn6wRGOsw,5.0
xH4dLFQhFTVZrrgTJqrh8A,7HnMQDXXWs4K4PtG9YiGLQ,5.0
fieWz1B8qOmq1arGfVd5TQ,q30NFC8gwXHstEtzn_KjsQ,5.0
ITxQBXchKJM1F8x522HPnA,KLBZVKLBkF5OqVSnbBo5lQ,5.0
_94cvgpiouknCJLbFqOvFg,RXW3WsOBAkspYaJ96GRQUg,5.0
7Gq9GqYMPHl4ET7svszfuA,Pxq6lxGwnhMcz_QidyxpIA,5.0
Ia8gPcjxcfTuAcu71LXnRg,-9_F6sRmPdlbQ2n6n1whAg,5.0
RNAEqspm0Z6JCj36aaRo_w,7EIozin9bIBL0T-gJiGI7Q,5.0
yYmBd5J_H1w68_k5ETZExA,e_uHgy2e1rJu7xkl61yapw,5.0
imz4a0Un0aVNC5o6ANPf-g,u_JHcxT-k9su-Qyw3mT1eQ,5.0
Sa2F2C7IduJA9uqLuB5syg,fYFuwZRBCYdJ_lmU6WG9rQ,5.0
iqrrTyAO0NABo18XBNJbNA,E669D1OgPC0-nrAsyB3Rag,5.0
YyvlJhpCLf7TXWuVSafCeg,9XHGAeZG4qbnEcMtr2txJA,5.0
A3toLa1sz9MJMtk61meMlg,HWgd0hxR37LWhsO2U22EBg,5.0
sFkKbzixcI6Tth80wSiXOA,oErQbBtEpyK3XmhmQNimFg,5.0
RKAGXOrf_5oVk0vUy_07mw,IxlNCKtEcKtRRgyVoNoO_Q,5.0
F7MBhsbRykxr_j65b8IfuA,VZ07tVzOD3DJgzEQJBkNFw,5.0
Zz6uJPj9aeuoPh7a5BRSfA,Yrhb8Tc2pxJR1-OhJooRcg,5.0
27UnvaCOB-CgGSWXEh1ACQ,wTD9F8O6wv3wXozoP2cOgA,5.0
w2Zer8KrPDD8RT1s5jV9mg,e28Y2ZAJjg10ppRxMYWcjA,5.0
iz-JrIZccEjX8Jn-FKQONQ,cbEe98Pd51S1-htCbLqPYw,5.0
IDwjyXR4zY1fICjuG-1idw,16bxqGvRmT3yUdNdluuJXg,5.0
pE434LPKkUwhUm2AIUBvew,YfQBJHjwSk_M3DrRd1dt6Q,5.0
0MICy_nYbvu8lj0-B1H_uQ,7fWrs0xpexUnvWM1HmeTAw,5.0
SPamUzZpp9fuGazrOVhAXg,KmHIn2zzmLfUL9LM3kQVhA,5.0
uFmbe1TkKT2iXdjpj_Mfww,3UQBJs1M4FcrM3PxwituwQ,5.0
HJka92TmefJt0zNV2Fh-UQ,5yfn78kdKEnZHHMvQzIZSQ,5.0
d1UKvxQEZe6ALA8fE0mwAw,KRGW-57yfrTQJzwTn2KRkg,5.0
gCu6xq8tmnF-EX31zXb8nA,HsgM-CtRHolS6mTliZwL4w,5.0
DYmQDGhGayQgayVWo4TnlA,7kebzhOtTMwX7wP3fGfgpw,5.0
XHC2CJ1BqIb58TaEGr-huQ,Yh4QJvWKUBSsI0S_zzFFfA,5.0
buRO60okphjeC2BHfEkriw,mLfL9TlIgsJ3bfQYRsWZ4A,5.0
xKVTd1u9A4ucHp__g4U-Ew,IRu4uxyXmRwNp_rO5hpUew,5.0
opWrSIYGpcgIr7uXiW9r6A,ZSFm8H2hlnzYsYeMdUxcmQ,5.0
LMMdpvZC4OQGvB2DbUSIyg,Fu3QcNVVIQOHWTvxkOHy3g,5.0
MyDxBMRQWqiceS4f-BsatA,MLMI_PSuZYQyhM-ooe0Y6g,5.0
1sKSAilPZWIMGzsKDFjvYA,5bBOx1qYorqrEhcGhS2MXg,5.0
CH2iAZ_XX8nJ7bV324CbEQ,oygIpX7j3_yaxtNmvmTFYA,5.0
FkvyNSQmReCtID34zaFRiw,gYPHD6axGVglsbuUcPFb5w,5.0
eWbaE7AZ5jsABMU_-iHe-Q,9fuSR8RN6E6T20DNVSqZ8g,5.0
uEduJMFi3f-HZKbdoAcWOQ,6NmaXt6rjBrG6rbDShgwKw,5.0
b_4BMY_u0Ris5rhqUkwJHg,KN8xrxTa4R31xgSRShAiBA,5.0
AEf1d9TOoXgFqlK6Dt3yyg,wYCxwJiYx6olhCZdd3DeEQ,5.0
GaPfQvME6mQWqx___nN8CQ,h-NvywvfmvrjSssQ0B_4cQ,5.0
auvohvpt8qrShjOrrivYzA,xllyo5KDwC7AAmb1Anprdg,5.0
Q-SNM3WwcVQUaaFcjthrBg,rObTkrVHcy6fiQY1Y4_5qw,5.0
HMbAxW5t_BqoOTuy1_lw5g,JJt2xm-_1pIbtB6H8-f0Dw,5.0
GdA6I_JY8vUhl6Re1SuHCw,3UJua2ZWEtHiBkAkUBFGCA,5.0
Fd7M96c4cOzB5yqiKYACsg,cdLyTFGmhhYLIq99wnN32Q,5.0
Y2q56Z5cX76ivtE3HgfytA,p4cF23LBbkaG-gT6Yp4W2Q,5.0
VP-NbnroKyJl7PR5T8Wnwg,mUkkLhmjiQJ5VXZaDEGaLg,5.0
ZCZxRef_n1-NWked5r32tA,oEFr3usXv90M5ihaV_26Tg,5.0
jfrp69MrHU75WgNzgMz1jg,F9JekMhlbgeUSF-a57CMPw,5.0
JhooyQuvKyArhsWNo47_Yg,06EMsFBgKMdB6htNF4a_mg,5.0
U8zqPKN5vBLwspnedOCZNA,fV2L2sw1BRuGE-yNgg2xqQ,5.0
PVeLgWvnQBNowkLilhmOHg,wwQPa6j61_SmnsPk6nAjhg,5.0
0fCy3-_VJSmNCtqIctG-FQ,BHipTgtIq_puD-dQuwIeKQ,5.0
F6HpnJJ35MOfscAzO3Sm_g,1Bv7n9FpBmYF6cPN_ttobQ,5.0
AKRUgxMzL89V2q7rqsAdZw,GV_b7bZ8xo37_SUnDtx18A,5.0
bLwFuaMywCyCSRtCfMzu0w,qxcEm3As4MtSPYa9xKn72Q,5.0
cqM5VvngTb330qGpmMkOpg,J5a8w1IZ1GZTb9BsMeiFEQ,5.0
A4TzXaIaLRwi8AEWPpQcjA,_4phv9XzNCWRCsISk4VAsA,5.0
ikzOJjzk0Hiv4faEySx5sQ,YcBBSy0kX-KCtHrXo7WuQQ,5.0
ohoidvimKRiL8ZxOleKvtg,ZJp4zt7tx2OaY6BJ6vw-ng,5.0
3YD-XlDk0jzSiNkcDCfrwQ,0fMrxSTpsTZJZFjSUtwW2w,5.0
X-aw6L3_kBdVcU_zkmzB3w,MhAkoQAOw7xqHPjRrnPW7g,5.0
34Xlk4mLVRbqxLleMG6AMg,aDcLGfNHzJu2HEozDclqWw,5.0
u_InsIIzL4Z1eP-616c-hQ,-me2TMhLLOX-k16rh6RKiw,5.0
HL0MBirc-rpHLnw0rg_adA,9Ldo7ocJHVrEzRXUpN3Weg,5.0
UKblPORCc2g37raCQF9LcA,C_1c-7W00JC3IUAAcisLZw,5.0
9yWOfa3S4oz-Hld1bY9Z_w,uZUiYj3bF-x4CvS5khx_gA,5.0
KNb4YJJiqzRlNXizeHk9lg,HMv0ZijqCzqwlUZjGJYqnA,5.0
ktwWU-VFcE6r0E-FJdJSCw,dV9xoPQnwhj20QmPOMaJYw,5.0
acRSQJ-Xgpv46fconF5W-A,1Lb2CM1M744Or-AzgUx9hg,5.0
t-0vnMgbkcDf852JHKd1Yw,-2slH9PUjJ9YK16b0hGxWg,5.0
jDid8TMl1zPm111cZDtahg,G7xigIA_0qQdRT-PkUMJQg,5.0
Gn86bbz4-RKduOjrwMrBNg,LZpNMp9BG1hXljvxOVoH8Q,5.0
B9HUIwyN8dKi_UHH0V_vIA,zeFGWtQ9IUtGlgaqo_hMEQ,5.0
k5GtY59IbSoqnVp_lBfFSA,pUp1DmCcx28qE71Kgn-QiA,5.0
ZGCWaWdeSdh33T5zY7wHiA,DXZ3TP5MXb7X8vr76lpMAg,5.0
G8uTaXDaEMkosGt3bwdtVg,xH1QWjvqeTnnY91PL2AIaw,5.0
WOK0L7pgbqt5T-1Zu9-4jg,n5XX0M476XlmChBEHTPdZA,5.0
ztwdrBG-cpUhb3eGSFtK8A,TgTSHCr2RyNxcwJJveyqxA,5.0
oM2O9OdZnBYq9Ro3Fw6DUA,fo-zheAQd7LEBfAKJriLww,5.0
rY0pbkpSZ_wAAIW2-Gu_Lw,-unCU8aVi2mwl2Iky0cxFw,5.0
Vn4hta8-GX8IAWNXF5PSRA,FgcHp40DPeXlJ0jPZKMuXw,5.0
xvQhF7cuowm71-GTyuxtig,5mj_pYHFTx8utLMluynUXA,5.0
22A5V0pWMpE92LTVwSKUDA,Wxx2AIcWkwts2pPlYxRVbQ,5.0
pJKDB4dv_QOnCZKau_KnZw,M3cyhLHl1NBrZV6WEriIog,5.0
dLTm-Z6-c-Xr2EDXKvsBmQ,NQ2M59z6YVNWUHTnNy9KfA,5.0
ZxzXSbMNYNPV80v25NGqLw,iSRi-jopW2N2W08D4TdqLA,5.0
yHnFKGBcwO-lhPjNK1EaJg,k5ncc1FSi5QDqrSvCOE1wQ,5.0
1_zZXSXLYTKAoC1F4OJGbg,qYO4ppOEvc-sWvJ8-1oIew,5.0
13fJHwZ1nBC-nmDcFZAXKQ,iBkhPuvFOVwagIsdgXo7yw,5.0
Fph_YScm9d6HAFhrts7HoQ,rLtuUt16tCfM7T99DaG66Q,5.0
bMiDlEWAzBRAZfAajfI7-Q,zIVFrNzgxpiotk0loY6GVg,5.0
Ksur2pEzmH9rEE0a7ChrPA,STuaHBDD33GLNnxfHAFtNA,5.0
aqbLQeZABof4bUCH0aktaQ,GKMJSqKp1Tvo_4TYuknrjQ,5.0
NBxWMmiFdKgXJnuVL9EB1g,68wvtpgTEU_vaz0X3nBDxA,5.0
Ild9wQHEoIz1elQw-v2rVw,puVXnkZd0GjWlRpqwt_xhg,5.0
qhh25EpgCXNr_AQtTZVwgA,QjTLNlLOOO7BbQJhApk92w,5.0
RMx_-GRH3vUqtWksW0oFOQ,QzfP8iN3AarwBxUXPeRExQ,5.0
IxIGw0cHPnyWM3fuT8aOMQ,yddTfdJ1DgKFzUE-hOhYpw,5.0
je57t1gOOczG0EnqK42EBA,NHk1bisMcSLko6hkblGk3g,5.0
z4L4vKy6FrnqdEoFlQ1arA,eLNl3SVhnHDB_gRwHQVZVg,5.0
xfEgDT8jmY6Jhp0qX3SctA,d6oFq7ghKt1tBNdWXDdRzw,5.0
DSbbuhsFmQseZwUS81jw3A,81ar54e8Q-4KCyklM5HwQQ,5.0
jxzI6rnaOeYhldZ-saYGfw,pV0xgMdZED5M3ukcH36aJA,5.0
5i4bfWajhyY98TopVGc6XA,yO1d0S_Lb9SoLstlHKG2nQ,5.0
bHIxm-vgYAVn-IJwHbexug,EQ4PyBBXnBeFWDoQQ_tYeQ,5.0
e67fm29pOiQUcPSltCAHVA,BvIBYNiwfNLpNljbYNhOaw,5.0
MbNKNydr7G1mFJEDsee6RA,b14flzMRl1iEeG6CtJMhZQ,5.0
VJKTRyp6JXBh7Le5mxmxQg,mX4XxBwUN6eRn8-Nptq7yg,5.0
GubMirWfNcFTxA89MXgwug,wcXB9JhsNQ3eSjF5VltbiQ,5.0
9FlV4CbdAb797X6UMDZqLw,9oIA0qOufycPaEV-LQCs5A,5.0
J9xRqE2KSq_w_gm6FZED5Q,XtpONLUnaKtArxQRS7pZAQ,5.0
uC1sjB08dpIIu-XHpXgVMA,2-dN7Ph_Z95POh98eEiDkQ,5.0
8L6Muvg0bTY4DK344Ziehw,AMo7fYjA5xDIeG7TtViVmg,5.0
aHi2fSdCRt_A2x5Udg3sKQ,4g11EYnFsbHej438_MsCFA,5.0
dpC2_s-ctwhN0PvnOIlyRA,IUSFbOIk_mmxRyB6NNxmjw,5.0
nqBrRH-n9K9uSo9V01XBzQ,u_UgvuCGeUjWfEZxBS8DzQ,5.0
lf9wCBvbw2aNtUmxygfGRQ,xbaEMSf9gytgqmoBk_UUkg,5.0
jUcTv5sYxcMEp-paKZjG2g,m3mLlSGV5_qS1LIwAHZdBQ,5.0
WwDBu-4whwVftOfl-aGvHQ,yIkNTIbj4V2g-KwU3MwnIg,5.0
u9Q-em_0t2L6b48CoeGr3g,60lyE0aqFQbjb-NwMnSuFw,5.0
aq3aNCIybtFNTwW2sUANxw,EBkd99JcwEL3y8_DXP9s5A,5.0
6RHTmcnitrbbi1n8-mO6Fg,L31zFOiZys2x8Pp8jZGgpA,5.0
5EPHNaRaFuDfvVDGQ8mKQw,kp4FGzyFvsG3aDKFN7kGIw,5.0
XLMCz911dy3k2Y9hjaUQPQ,Bvmf9glFc5H1Kxy1Lx4WhA,5.0
HndKHW8SK9ithFbq9sQNWg,JJ4FoYSND3PWqaYQ1Czt_g,5.0
EQLeBstGR3s3asHt8aSVPQ,ovNR6zv_meFC2JGrzmIyhg,5.0
gULlXagysSuWjCoWr-wFwQ,TvcjDDA9WT4yErr53MLVKw,5.0
qdocadvMqOX8n4OdnL0DUQ,etQELat9f2TrRq2m90fPmw,5.0
GycrE2ft4P0dHuOTShWuNw,WjoCgghndEw0Cq736UTHAw,5.0
7s_Eb6a0EN011YHe94fPCw,Pud543MVxRoVCl3JFQgq9w,5.0
GbcESgZHAyPLuPQ0GExtFw,hY_gLXsHXPEsr7EcWsvo1A,5.0
I-ZaSpc9cz6k2nDvQ6QV0Q,h9GWRSIaRGJY9iGCuEjbjA,5.0
r_oETS9Jz2UNapnbEsi68Q,2nPOx7eizejhX-iVb0kGTw,5.0
4Mcln3jIZtGE4BP6rVK7OQ,oqwXj6eP329h2S-Y6PMZow,5.0
ly55GnZZDh8S9JM7XyqOKA,8OZE7p7wlb_0ANEJvIPXdA,5.0
v1ns1iMAAWh2Opu-dh-4uw,pPap7XF_3luhKhIaUPuZ2w,5.0
dWxSX4dgk4Zg90gIZD1vQg,s0REu37pzbDnzKpTyW2Xyw,5.0
Hl_RhjwCG-g6x3vgeFGtqQ,pQIkNYPDhwE5PsjKxyyK5Q,5.0
iy_Xaxo_WPP-dZ6ZnEFrgA,OD5jsUDn24Yr1RQMLKew-Q,5.0
MPsRoRL4CO1VA-bQ3lC34A,Y36t15AiaL9ZPDHkD3zpoA,5.0
VUjshou1pLGkO2nXFSiJSw,r2VKXV7Oszz8e49eBZi5Iw,5.0
OEYUKy-MnBsLyy1RX7Bpgw,X078zqwEzQlw37iyG-A8TQ,5.0
GQDo8omN8CQ_kLm_n7sL9A,M2cFZdPrLhhjwi7Ojrm48Q,5.0
Tv8N9b6VN0-2nanLVVU3Yg,l09YmuCMWVe5zjj5xBTdlw,5.0
2n29MrQDhgs0reAUhtYTKA,Aw0UJ3l1tAN0UlNDjODf2Q,5.0
pAUyDGSCUWWgitxlypUlbw,1WuxDyAlGy7U7r4XbVbpow,5.0
3QJoP69Z39BW_9abxvcbRA,sjutGGIgKF49e0XURe6fFw,5.0
UXxcBMC72Ua-x0_Ah1TEAw,iEEndKLghed2RQf1NtA8Mg,5.0
45HGwPwk4ow1uLWZva4iVQ,yaqvJd1RUNGbRcsh4OqUuA,5.0
FKDdW9bOjAgX5rpBXbYCqg,A5_HplBv4jOunj9x5XcdLQ,5.0
4bYJkhueTQY2Gd51-DydOg,8Mkxq3JR4s7-K7AYQ7YWBw,5.0
oLjseICFHuisZmxrm6bqxA,6Rqu7vBzP67ML-yqfFUnwg,5.0
jIvy_gmR2Phmmujl1Jw_cg,EkET4lMOVJuJeS39q6mHhg,5.0
FmppndCF19Tq733AOng0HA,chKYcbxS6qh5PFXB4UiPFg,5.0
xFdIusIFUcquoxG_FMgAzQ,Lp86pBFb3POlmoKk9w5tzQ,5.0
fLDGqfH_QJE5TN2ajHzNjA,o4WGR2hv9eIrUeb_yVhK_A,5.0
v0076gGs0vRsh0Gk59TY3A,HtYhzQb1sj211F9fVzGy_A,5.0
rZPAUcYvFgkPiKn6ADvLEA,HtO3SPx1BiqDwDwd3_kd3w,5.0
voEQrIWBpAxpW6gEHG1P7Q,2gAiiBGtFQAUxJQ-DWto_Q,5.0
s3GWrR1aT0SmR2RJQ0LlYg,4UkoDv3c2f6zZQkWapkGpQ,5.0
ebEdF1th0_Y2SMQXSvoWXQ,PV_RWlP3SPTGbi0AucsHng,5.0
CgxT9TIbOKMdUBhPXevlpQ,sT2TMyWiTvHo2tAs0HENXw,5.0
Jfqqi7VAhDbJcDEq3ATQag,63EhfPWWgWp4YuMUrog0uw,5.0
kvyAIhIifrxKDXExNjYQEQ,xZ-maqa1PlWb_qYNQGbttg,5.0
H2-8se0AV6g0zym00NuTww,Yexe_nmAf1ipwh07ny8sNw,5.0
XNlY_g8o8_quEoub0IF54Q,JYIxuoVSIt50jfcWWs8fNg,5.0
QLWFG50JkpQ03VIixPNbBw,YwKy4rbZgMAiVy3lM5cQfw,5.0
K33a1zfArzJsuvMp5z5EZQ,LCmVh788p9HKwecucG-NzQ,5.0
FS0AvNrtigD-F3zdYp9YxQ,ziYoin2qn1AzgWU26Wnvzw,5.0
iSf6znw693xvdLTJCNpY9g,xUEerHiQik4vAzD0bJaIeg,5.0
5MZZMYyHz-nt3sS_pYfzag,1yKCB5hF0G6uBoyiMo6OyQ,5.0
IR2ZAoQEmHk3keyaU_Mjdw,nBi3K4O7lkrTVaTg-UiTKQ,5.0
CbluQwd_c5EbwB5qxsyV_g,TbImb3PvXmLwPxsNnQiWTQ,5.0
OFC52t1ZNTfRaQU7uyKl1w,fRESw-gh5JWNDdovgTG05Q,5.0
IMrBCu7lei00U-AQ5NheNA,AM8eRvo7QD0QJtca7PYuGQ,5.0
3eIXbyRVaIWoH2d1nE5JVg,4VE7LGhdZpXRQj6SPrnBXA,5.0
DQrsqhdWNZna2uLHF_Y8jw,ymBzrzkIxb-JNTi5ulNWqQ,5.0
TFW1IKYpZA9yhv3KHh3tgw,Hq5yQVThsPKPvtY-kUKgdA,5.0
ZiKyPlfpnr6yhJtJxxXSyg,4XcyL9tqIZeoQ2VVDCdUBw,5.0
8Nv4hON2iw67cnsOJED9Gw,iGnsEZ_gzZlfKFXmfyyLBQ,5.0
8Fc9tvsYZtXb5DjHr56Nqw,smWkeNU57qoE01cRQlSU7Q,5.0
xn46KJvg3eoSt7fuR3WcQA,Ep3tHKc8ZCYBS9nMLkIYAg,5.0
APK-HLPrq9ryEBQXl002YA,glvg6i1dC_hmfC7ugu4afA,5.0
X0MaZzQCrKuj7lVsLkbU8g,ZMTdF8mdDGpWoluhGSH8Fg,5.0
sYFIIiN_cXl6Y6hZCqTkIw,bRTWD05drzNfzVP0IadX7A,5.0
pSgeivd7p2cFaQPKJ26iDg,0rNnjcpS5-JK0gecgVM2qA,5.0
ztMLzC0KHJmmpl5S5Hd_Mw,FNfsHMhIMzygO_S90EDxcQ,5.0
jCtGM694foY-x4wiy6ERVw,TrRK0RN86WkkElFJQv1IzQ,5.0
TH1hg9h0B4Gqlf7cYyeYBA,xug7XFt2-jj7xSKWlxVlGg,5.0
iRL2F-fuqhzfnD09T068kg,X7b6WMsGnNZVKHGYc06k_g,5.0
QiASjH04wfCyUZkKoR-M6w,IEKokM_amGcbgVvyOoZKuQ,5.0
tFybTKWt9st6oGJsdq2IIA,33GLey6kOV78YW-49741Bg,5.0
ytVOEtYQv-77R47Bsi-AUA,Ue5FAeQWQJ0jGal4IslV9w,5.0
Ui5cuY0cLaTqWNcYwmBmfw,O69OCM8Em9ZoJoV_GVhw-Q,5.0
CbV2p_j1zuquIV-V-fiETg,8MmDiZPK4IB33PaE7cKL9A,5.0
nzEojQBjB24TDajRM6GCow,rZFm1YslDSv-Uy2oZ41eIQ,5.0
bGQFmE3qM-u4LIwCeSIebw,7teMVlWdNuAQY7TKQJNASg,5.0
D7IxviFySS8FyRSVd_2IyQ,gNJ-4yDgHzj4oTOmpPGVEg,5.0
N12E0C7jtFCrsfF1-bkgPA,lSooXg2B5yngbNmisot_tA,5.0
13poxmuL5hDPMJaGJ291ng,Z-RG-NA1iwcUkFuxShGooA,5.0
w4Bka4bIaCiPSdZti4ullA,oqg6lkGtOQ38jtgPnRqVHg,5.0
xrRC_X-lM6kpiMLF1BXsDw,-P008_MriBRX7JjdMLAK7w,5.0
yv-5XWEQ16Jp5Uw1Hj9D6g,Lpr5jNtrXgrRtWg3YGlcjA,5.0
_DhA9iL955Mbw9UtOMhNIA,GZhMnIPBKwLtBgtvZ2_3BQ,5.0
AaHs2PDhj9JZIbS3WKyZAA,yXiRH0q4EefNPwVe1vyDug,5.0
vSvzs6_DKyCJf0Z7R7Xndw,c3Cg--znjoEsTLBNkaEwaw,5.0
QO9yMIGm8tJHoTX_uprrVg,x5HmqZv7vv7AEInHOIaRyQ,5.0
xyY1hxN31qKThaYeZWlD3w,XqpQRVSQ6T_5f64ojjVmCA,5.0
BdIwHy9GxsCF3UsI_4BVBw,aXBIlSFu-5bBEMNZmwMD2g,5.0
IMom3xesuNsZpyeIs-NALA,BAtCVjDsP7nTX_9VJAoqpw,5.0
4T2xEZ2Ze1jCCMhKVmg3qw,RqpKDBvvgSITmeu_qXDRqQ,5.0
Hj-qdW3R7eSitrdjfd91Tg,ZZ8mzJ0ePLZYdyUAM21m_A,5.0
6g9OjFyJcytV8qsiewqPVQ,ujs-Jr5Jx2vv9y3GpTe2Jw,5.0
trcomiufpEqsUkvYJc-X8A,xiwmFksInxGZZSFaoZGxGw,5.0
Clc3YFHEH5z_hNI8geMm7A,77ukyeEUObX--vB3BBp_6A,5.0
NOW7rYDf66nHzISCWD7xHw,LmvUb2AxgEX3oUNhKEpr_g,5.0
AUYtQdfJU3n85yWhilXb0A,5hw_kMMw8s4X0xWXOdsy0Q,5.0
k3-T2wV6xriJ-C-TI3Ee2A,WeGz0K48JBnRoKO_l8SO6w,5.0
FgUePjU64o2MBMpKY63b-A,WNsCwkl1WGz1Getz3kZojg,5.0
zQdVyZfWya4k-bXF40bdzg,NuC8lNjQWJgSQ3y3iIdZwQ,5.0
ZbnY-PuChbmCpj5Egi0I4Q,SDJB8MHrsMCtih4GmW7PIA,5.0
YMIYO8GdepQmgK8QK8FwKQ,DY0O8X_C2Kyvx6OFGjPz0A,5.0
_XXDpOlDQRjz5aSl3ohNuA,0Sa2hQnbS9hoRthHKOGepg,5.0
WFpaN5PTTOoyHGubJ6rmFQ,2oGdZKyLD_jmQucCWGTKFQ,5.0
MKU2VsBvaTbA7xSCkfwFPA,dO-H2HIHaRdmm0naGJ9krQ,5.0
lZqyKe4SvhXot7dryxyC6w,mnYFBNgk6amFOi-Y5L5xig,5.0
3rLnkGrPTm7xzD7_gTeceA,itGjLkOstlt5xWAxISlAsg,5.0
GbUJCzXseJh7KX1YYMT7eA,PxR3zuzch5FgDfWJ93ru6Q,5.0
xN1PXUN1CAXh22tRO9gFpQ,tKr35anAX4qao0tuM21QqA,5.0
8uK1RD6mbo3mza9S-V5z0A,isy_HOPqVWyiRvQoLXlXXw,5.0
LeoZwkDgoSi3l9iGutaAvg,UrNrdA4BruhPF3ym8bh36Q,5.0
hSnuHl7LUQzzNLIDPVGG3w,MfPX16N8cbk21zJvP6B9Wg,5.0
xBDb1KvpUAkspBEe-0Y__w,7cdG6uHH2Xc_Z8VEKHEKsA,5.0
gOPu_LkhRxFb0AoSqsFekg,p-2vPK0OcRw8WR9C2F81Dg,5.0
e67fm29pOiQUcPSltCAHVA,OiRizu9fD9pXSYVFwNrMsQ,5.0
K2ysWcsddoZ-beO2zSwxEA,5q-H6L0lU40A4kWvl6amig,5.0
ogG7sQUC9ADu-Y4i4cgIqA,beFy7nfTCpHfGIgYTuTSFQ,5.0
seMLP7gg11deRdr8KnpMPA,YMWwwyVCuU5LcjeEkEV1dg,5.0
h9U3aYsVahFqqZxAH6CF-w,2SlzqZRAh2g0PUQ0C8PZ8g,5.0
DAHzqHf7k-DsYepNjl2_Mw,kTzt1OcjMFaRrWuwJA4bSA,5.0
niyXbCfJM36mqVpQ7AZZ0w,9j1yT205wwkY7Mta2cldZw,5.0
WCJ8yQikN8R8vy1p7o2JlA,uIEbU-1PoQ3K7mFk4p0cvw,5.0
oJE0PCC3S6vtCIviQvhm1g,2gP6_NF9T4rQmcDgFESfBQ,5.0
eo_g1lVqmbOeselosg18yQ,YAIlEauYA1ap1PZzj8mIyw,5.0
OYMl1TuyesckHWUSpZyiaA,SfqFU9nSMgHvW_nYtBHXBQ,5.0
mGKKGtPnHnrDzqi9az8aVg,nXzkY4OCLuAUgAMJoWMm5w,5.0
M2VoKe1lJorQyNTv6i-nWw,N14Ic-2mdBvFdT0YvgWxXA,5.0
0Bz9k5UEuvMtN_ha-ZRvXQ,kc4Clr5Nq7vuzmWHlITbRQ,5.0
Vy8fHyeA1_xwz0EWsIW15Q,vSihXpDft3dXbZRbDa1AmQ,5.0
hnOfLcJY0XXTUtL6h8kiSw,udEMw0I9TF-yFyqLPcR4og,5.0
U-4sIDAqEsRwA0M8OXsBAA,XpqVXAjugptitM3UBM9H-w,5.0
HY9rE0XtFxv7NhEEgaTIWw,cM6WfPo0bRr0QOceNoZEIQ,5.0
rhk4QkQkSGEZfz7ZyJ-05A,hwP_TyJWuOXbswzuqu6bVQ,5.0
pMtkDJ7b1-pWN-MHlmkpyg,NR7QEeAQ18xbttfspsvgjQ,5.0
H22-6lJ_vidE_5uiHFwGRA,kDqSxNUWRaNR0sulKp7gPg,5.0
Vexm4pRpdkALM6lUiyX0pg,Zc0xsDB-httcH3XZxM_5Bg,5.0
1iRvV0xl3FAkjh3m2x0lkA,WCK9AntXvsOppysIZ-oLeA,5.0
jcRR-NYc8Iehh6L4tZMSqQ,moHqCl1Ym8UHORJ5psGTdg,5.0
C8gk4nzuupYyLqNE0qhjFA,CSl_zI0e1WSlairJMhA_DA,5.0
EO_TPs_LuaBKfzZrcBisww,6ZPW6VkgEYYb-DA5J0byrg,5.0
uYJhOkrGiQ0FvdNmubMpag,d1iPSCRQqFYDf1eEAfDMCw,5.0
azmpOk9aG8y_oA4_cVhc8Q,WCyZZFwDzlrWLQmW8djGxw,5.0
-FFgJuDZLmcZtrxDTRC7sg,my0bmPD5dgDFE1ia__LNlw,5.0
5dbR-_GGyeRD98egqia2tw,vBbw7V5fUaOSPgDe7ofqZA,5.0
P5hp_o83R5Uzey4xkpCmRw,Ti_G2cdqKzxy3h37JyVu4g,5.0
UJ3ynvH_r31KBRO_08dKmQ,vaZ7jc7NMb7me_QlwtdCRg,5.0
-DcOiwaQHP9NJ3U690vUdQ,3NY3Fg0TIpQlY38Y56cZXA,5.0
hdPQWik4PNb9HpVvlvDqkg,9aNLFdTxR7TSUv8P4DxAKQ,5.0
Ln4aGIhoLDjfq6YzpXenvg,SpGx7d37AOliKUlbGnCjpA,5.0
psNK1kQxxLHDMu-jm6F6mQ,9UjYdjEcC0PyFzn-TQo72w,5.0
CfHKItb0j43Cm6e6L6hhcw,hTh3n4IgdK5Q3VjJIJWlDQ,5.0
jbZivy70IvYXdbT3_P91QA,mkmalengTS0LarMm_ZiJ0w,5.0
duayk7VdY_4NmbgOotQlNw,zdHYuDA541CB205_EiRDLg,5.0
gV69mJSj8HIUtOH5JEGL0A,pwZdc17t9aoK6yS714zl3A,5.0
y2yDM1eGNPO9VyXF9unHwA,GU3dOawEWrt-NKkYOeoiuQ,5.0
o2YreCQsnD228Rjubzw12A,GlmLkbkOtdzTHnTFeWwxyA,5.0
hI-lxsDfvi-aH_CRx3QQHQ,A-RFY1GE2D7x0DTlRKA7eA,5.0
hY896ityr__9LUjxol2DZQ,jZPE1ozYRmVQdIvp49L0gQ,5.0
x-6XDfeAql1dTnEKU4AZQg,zv8_zaGKFwUvm9nWhgnPtw,5.0
sx6iHHMQ7t53mMc7XIHmRQ,BmXWt1UzsVU0ZsYoN5PDrA,5.0
k5CjeY5bQsNsUfvU4DGlJQ,qST239voJrcu7xxeF1r9cA,5.0
37OXXsRqlzotT8j80mw94g,jep98ue9-5B12-J-FKNg1g,5.0
U6px3yzb-SUJmWmBJXeSwA,Qbx8RhVbuYQfd-UufnXr8g,5.0
G2kanAXQh0Okq263F8f4hg,4P2OKnuCnGYWQsN9n6uP2A,5.0
nr2TgYwbEIqwtJ9eZfHnyw,X2Z7ffuYrneF4z7HCue_NQ,5.0
drhU1_M42CMRY7AYV89dfA,6E9AiMa4mFIXJ0V6BK8TiA,5.0
DzZnK5BRRCUUdXFegjTfZw,2u88essZZkL1NIPW0wwOSA,5.0
_r2evpVrRzupTRO6_6m9fA,LSDAi0WG6uiQxRDnF91XMQ,5.0
BWihnt8cwecOQmQuvoUAmg,HpDWpS6rpF-mY0Dx0nvH-g,5.0
PvjxMKc3iL_APcCoUnqTzA,fbEVK13G8dQlg4y23uxMGg,5.0
3OLhixCvDe_4fkssFA7_1Q,bHwdWrlnLyYm7Anm3SulPA,5.0
T8eYX_sapWaUvdjroy7_Zw,ZzGyTZiOkR758C_7bcPekg,5.0
0T3t6hGNRfFXR_nRbnDnlg,UPeyyZ4p8Gshl5OUYbN88w,5.0
WpKpAotHFStHPT66BsNDhQ,riGn-RYqkWMUBtI5Qosoaw,5.0
zCew65ksoPVsM7jNLvHPaA,cAxLyZ1o5OcaziDAIXshSw,5.0
JxIuwrePKiKMqEFxjDIjpg,YjuC6X6RiPJA-dS8EHwrtg,5.0
zcYMZb7DK6sMuvqG5BnXIA,kM2OVIcH4CwpWtGDIvBssQ,5.0
QdAXPgrTHviaA0UQgDu7kQ,YTGywGYr_CSidzCMiakWEA,5.0
gyc27kgBb4JMkrGx4H1Cpg,OaYSTg3qlZRM_v6G-4ZVOA,5.0
V-y5tvs6iyevSVwK8OZCNA,doN40fPIewGN88ga4HZSEA,5.0
WtZaKaHiGs6yR1ic4pdAew,XTVvuOMZ5ibsI2lTNPBpvQ,5.0
VaN_MU5yYEmaZqWPIxGMAw,pjHGf-44XrJDW31j_EOmbg,5.0
HcG_SgRNF7Go-yGQMF2kKQ,3Hsb0S7keIjg956n-7Ckow,5.0
FFdir9oS0oZu-Ok2kkYn2A,P32kIN7x4ALH_TfWAfmfug,5.0
KBqsdrknj3jXIuykHQG7yQ,D9rvtljz6XRdt5PFDkvNGg,5.0
9LpJSOqyglHFWWyTSGgMWg,VLwCKXBrVjBHaMwxLz5AcQ,5.0
CSQzghbN9WsmZTP5hAbkiQ,lOg1y6y350CdnfYlHJpHYg,5.0
g9ZplOZogTaGnE30DLMYlQ,y_G0xkomswVQaejYp4Fy4g,5.0
noEwfEPKulnefjtDS62PdQ,7vqGH4n12eTuuJqGFPzNyg,5.0
yoJodc-lqdJbMO5h-7J40w,oVOgiEnfijhZU6zpNgy0mA,5.0
hFnJefu1e2PKNPoP_PwxHg,R9m1Pb37YhSo9WJAKEr3Xg,5.0
7AlorliAeNJfl5wL1dtmlA,ch77U6h1t81V2tEe2hyRIw,5.0
OJ97QZExiZzYLer1zfSuXA,-ch3ET0QStiKPWo1Vy68eA,5.0
a-ejnpSm2xenluCbR99J-g,zaHqyz8NTTMRvaJFvabu1g,5.0
2ocRLP_JATlJq9Fm9_DbJg,idToyk26UAcCyQQLbufcAQ,5.0
yVUt5cFANlasd_dM6IvFpg,MoR1pFBnxZeO-A890hsfOw,5.0
OG78XErtokqx3QHdm_IyHw,WxN1ZfVlZfkWk6WNLRUlJQ,5.0
XpRhdSd8gfY9g_q9h9Z1jg,CBTfBDC5NB7iXSfbFlrcTQ,5.0
xeOKJ0SNDBIVAqt8TwBPYg,Yb04s8ffQODSYWyNmrCjGw,5.0
yVJX9Lk7SAECzr-IUohL-Q,2RJ1z-vNFnmeuWjkN3u3bg,5.0
IeSz60ozr1yAVIH8CX9w9w,Br2kxlfN8YNjJlD1bKrVxg,5.0
3e7nJoExe3ddC5fuo0OihA,xYrqQVUm90Hgsey6gTNEZQ,5.0
X3eNKscnpe8wTvs9J14ocA,8li92PJwuy1fy9p4-TPekQ,5.0
FhoY8dW5-Rfx6wYeqXyvbw,Utcr10MpHDWFoqLeEqmgOg,5.0
yb5BJ8YID7vq7nm4y4jmsA,sfV90qiyQGsi5KwyKZ6vIw,5.0
CRv6fZRz_YCNKkXv6yeMSw,x18CDd5oQpbPgVg-Jndx0w,5.0
tJOfsAPjCoY4A9KkfznI5w,FU80GhkVeJp6gsYjk-DzqA,5.0
iDszgj4nKl720h0PoFsPgw,AtdLdhClg_yhrjmkDTmcUQ,5.0
x9eMLPCzldJIgte-HnBCVQ,AMp2Bg1D_efzaAaSGa1qGw,5.0
nx7iJtCpYcYNof1ViCnZBQ,t27cfFjY1iLaQD5dTQOpCg,5.0
h1vuBq4NA-O7-bKVtsJmwQ,Y0fYGN8sfGIVRHAAUSvYsw,5.0
NT7AzOwdY1vcmfHgsQH3Kw,F6DcTegtx9sVdIuEsP_nsA,5.0
JvWFZkoc_S0qoWPX1mnvag,M-aAUfhmoUjkg24bhx7iIQ,5.0
8GhhidRSxHlV2ycI2m1Wxg,Mo3t-QI5YsZNvCy_zuBdTA,5.0
AClwCkp_gFw6EbEGhAqEJw,Gfe5VxwUtUMXjy_18Nn9QQ,5.0
YxcHqzPGsw81-CeKUtGA9w,cboVR9dDuQYwyQRCrwX71g,5.0
WXIy2tkbJG7md1lOUmH4rg,Gd52kRpEyLdQvUyO3I-3JA,5.0
JUeBNMcwWFT1Te24t6Qspw,90OogtpYzvIfHrBtgxgbIQ,5.0
sjD0O3gMrMJXULjQ4DfHHg,5-9-1Ejn4Bf5N_RD0ppvzA,5.0
1UtBA_35SdEeehCFos3VMg,SrFFOod404iO51TxQTpQAg,5.0
65KIaf-zAyTcD2BIGnOUVg,wehtVVR1JBJn7siLT3vfpA,5.0
QPDUTHRf7Hs-GEDoD5-Y8Q,LFXtVrxODMM88Pb6OOk7eg,5.0
8nyzei6uCZJ2WBmmoSepgw,rFhmVbheWejlkkX7WqzIAw,5.0
zdR04YxbXOsyeoPUeDNneA,18EC88ppd63d9JMzfXIKrA,5.0
_fFWnCEkxArmRRZprNa6Uw,EBUiUtifi9u4Uf1IJYqhOw,5.0
Aj6ZZv-wf23o5ydmTFOFiA,V90tOhvu5MpOx2AfriTVqg,5.0
gAsJwgaok8-fXoa5YAfKdA,7GByhnAZt6pcR2nSsYBWvQ,5.0
dj9TPDdfbtfAw7pCPQckMg,MBxcC2spB4juXq9lqExFKA,5.0
O009OMAEAcs9bjinI8-P9w,wklNsFM-tG5mjopYZYyvXQ,5.0
Qf283cgqKPywZVqeZNekxA,zuGpUPcfws1FeupSkt8WVw,5.0
QVjQeri4-Hh4ADdkAywyrA,jfUi8z_bi5Ih1MvG4MqL-w,5.0
uuSovWqvYfJt45o0ygeH0w,nWa1YKFaSTY_XpkalRmAWw,5.0
6GPmjARW0q-dmoY8rbOCEg,vhW6JmZqkLohRPK_iPDi4Q,5.0
NB5-23vrxWdAqjKFz8nyHg,HJQMHwCpLe0m1BeCTEbn3w,5.0
vffKQc_WQMYFGY4JS5VAOw,RjWQIIShjDoeUJCs2UmHyQ,5.0
KP8xO1p1KAgus4mckVo3-g,oiOu7COh2GMwRANa-88iIg,5.0
AL-ETUlLFGut2aeZRE8H9A,kjASVLH1E_1G46y1ro9M5A,5.0
syuN6mo5UC8P27YCwfv4xQ,gWtfAb3VVOSApDXrlOg5Aw,5.0
Kc9NDMWFz3kSPfvp-xKuPw,HkrsfVZxYoT2avLV6LuHjw,5.0
g2VddQeR_JvhCilOg0qUiA,qjobr-kG28RLtmLd4W5SvA,5.0
siKdwNd1ax3jAdV0-Txhsg,djWRCckW_KW4EfHwTDYF6A,5.0
6Km2wxgzXfDOU9Dprl7jNg,5WrSS2gqvhJSj8DEJ2vNeg,5.0
iscMlNUKy26QKeAjtHcHpA,0u0kworBwVBIhYy74qCAJg,5.0
PU3E3zRnr9Xe7kHCcMIKJg,tFdGVOO3pVloOU9Wz0Ybvg,5.0
PgC3ERnv-ocusQ-EXuF3uA,zm0SUU6PnnYgAO0Q2mLILA,5.0
ysJrRR-96w-OBPtdC2qFhA,MdG2pnK6qZ28VUqwVwn8Hw,5.0
e5Q0L6MG6OMQARl8Qi699w,QpyqdzfNXgS08Q2BFzjhDw,5.0
tgcps-A-9qHMACbSbOJgvA,8_UPjFzaihKnjyTTesO7Hw,5.0
4I_FL7G6eh3hHxbUhZrEQA,u5k7hyTH9oUjNSFpfMkiQA,5.0
PPwYrUTFuEcU2PhroCeKCA,NjfHajT4G22xIINqpmNlXw,5.0
-kLVfaJytOJY2-QdQoCcNQ,r9DKU5daPucWc8gcUVMwDw,5.0
Pcxk2uesUcAt3zU7JJ5rWQ,FV7iTLa1_G9ST6Ort2iy_Q,5.0
6wJn2xcEgSypPpIlOXanZg,nMXJDabXAbU2PY2d1rl3kQ,5.0
RURM7437iwYLM23ATYr61g,WvrVI5Qub_qfgC3A5SFCfg,5.0
zbVqEVKscuZH1RbNcz2vwQ,M2jY6Q6Ha4FoVQ3WdZoqGA,5.0
jwQCIPBsJGmAXOtGVqe8_Q,VoeI1ecQdnQd81MDIFNxLQ,5.0
CWH1qPPvs0AT0Ggbn1g6rw,POP18lPv7MPLVzqv8olHYQ,5.0
U6px3yzb-SUJmWmBJXeSwA,CNbThuDvxo5NnT0eZ70gzQ,5.0
sSe7yWe3PGXFk2x3k7BZjg,qth_U8-Kwp67gA9u2jNECw,5.0
PbrtQg_9gHD69BsuXzxsmA,2jK36fVSvBx5p_qjfXd11Q,5.0
XDRS0JDhDOpu3ZOCbGJf0Q,-ONBja1I0ePL7-yxCefYSg,5.0
cnH79qmE09z5tvJtlGQOgg,L1XOLV4ij_xWVn-2bp1rQw,5.0
e1vgBpLRfO4S-cyrB2346g,GptIRsIFL3xq8YrDVOarXw,5.0
-54tzm3ZFiVNWJhwabsIXQ,iiAQ7A-kn33oqw927wjyLQ,5.0
6iMToU4ZlClfYqDXHIf6pA,QbhrEPuXmWsGkp23_NSGJg,5.0
IjQy8XtcISXvnpxgienNbQ,K-DX6rvzgawo6Yli7_xVeQ,5.0
aESK8_HLALGl2e5C_g6IVw,efb8XanM-A07tkelq6p2TQ,5.0
Yr1kOMwT09237JuM5Ir7zw,qEGuC3gDYVT1vIA1qV4khQ,5.0
FixEWBbgRSiL_zZlImCZvQ,25Va_KOB7-gi7niCe8YCUA,5.0
wte-V7yQ2BsBBnSQt8QSkQ,1auxlzg0BFTKEQxLB3TU7g,5.0
4z4KpqHcEVwK58s2xoetZA,tw5TspU0WqEJ0GSLgRy3ww,5.0
phIjy6Onbi5WoMjqHOBg-w,cbTfQMiKtS7BTby81VJ8Bg,5.0
eT4GaZuI5oRTUCqRHYQUyg,2Y-cy25mig7WM955KOcqMQ,5.0
3F7Zi7T_0ECNGlhJfExVog,eJUhNCIJkslALOpOaadjxA,5.0
tQla-CDqAAKfez379rNprQ,5OZC1G8cU1tCV14DO7DC0Q,5.0
QH72yxAs75q9_Q9E0rUroA,2d2JsoZNuyG7T56F1JLjNw,5.0
yDcUBZ7r57tBJzMuK13VVQ,jjfqSWrXAk3R7BogJnpXzg,5.0
P_jQmNagO4cc3vv6Ihj3Ew,AsreyLf8A2GbVACsZWKaSg,5.0
OJHRfPll8s9bbhITS5RWIQ,-hWqt93mXwiPUmS12suf6w,5.0
-uJkfNtj7uE68fDvINkNPQ,mNbmYSH6Uy97Wyf15oH9Uw,5.0
H0eAqrXbU_O1-Mumn683mg,H7EZm2DQ13sbJngV51ATig,5.0
ZwTbgnoqXW9sshHnUrpuWg,OGQlNVEpKsAoJmhp37p7MA,5.0
YphpAKvXJpGzcJEZFROnKA,bEWF81b1O9-U3GwkEbo49w,5.0
xnrhUFDTRyB-7-_1YBA1Zg,J5nR3qqaHKgROPAvN8vN5Q,5.0
MkdMT3IducUfVowu3Ewl6A,qWld9aah-havIH3Ygv0pRA,5.0
brloKWydiTNsOuTvHu6frw,RUfcsQ6xhNPabPH_LBBx1w,5.0
xVwtYjY335v1VHYSETENuA,OWVVJBd-_PfPFaiWwCygXw,5.0
D5l9k1d5fmO7tDaR-rAMaA,1NuHkM5q5npt6tyBGvMrAg,5.0
F8vkfhhBwSeCrp7MQik9dw,4yE9Jon2vRbLn4T2abC6Fw,5.0
EcvbIz-KsUmOMQiHjfa7cA,Y5RYLWn7n6OWrIfm-0K8Kg,5.0
gVCVIc7i1ri_J_ZHEHyB5w,SUYd7FFXYgaugCP45cAkfA,5.0
L3Dxt0CP_tUxXmFmxuJQjA,s4WmZN_aRKm11MzOLP6SNw,5.0
OVNSdP1N5D2Z2MiqtFtsSA,9auCaEUzg1-X4XcxI5l2sg,5.0
_WP18TcmpKDEtumEI9l-sQ,jKgmluD959CLD8sdmBuQ1g,5.0
rBcVP5uc5KhTWiaycGpxJg,KMyJL1pIiqIdSdRett_WWw,5.0
DaMUYoIgczIdj6I8ufaEeQ,oAsXWUVU1WVOIxPlMT8KRA,5.0
JFuS1YUreevZzSSDS3fhHQ,-Uez8TfwFgsht-h8E5cH6A,5.0
Q9nDoOP70AyXloHG9yeBPA,NwC6HhcWEfkcC1WjxC57_w,5.0
gDT0VdHjHcO0uAnyU4T4DA,1vWMof26DwxLgDoRyCzGOg,5.0
2-FEUV51vaeX7_bPbLN5UQ,FsJImlCL9GbTD5jBOFwSsw,5.0
UUfTHe1ZEUgPwSy_yuLiyw,REzYKUMuqwYCxa8IFzR7Nw,5.0
K9XPTww9oRh89Db2P5rhxw,6qW0qp_Hd1Z-ix95dxy2bw,5.0
cXGy6kLW081ikxaVqeIFCQ,sF4d_fH_A_wylZBEUb9Piw,5.0
8HV62WzuOGfmfsB0o6C8dw,UwBWnOJN88X8KrnGx6uJfw,5.0
rGkT41KiZOSGJ4R7BduErw,TpIjDeeyMqZSN7AXSsx3Uw,5.0
AyRLEix4Ol5KQhkHimExXw,g0RT2BzVy7-J-KHvF1ahGA,5.0
PiVDB7UKkGGAXiMZgmwVtw,8bSPm3kCP9tIjb-vraWpbw,5.0
__pn4yFlA3thJ0imdfAgyQ,AMWUSscJfD23ZHmdhd9v7Q,5.0
YypDCNMGL-JKJ7W8hrDOLA,UO2BFDgKww61W7169nPDmA,5.0
qyY1YarF6XeUjQa_OL1pAg,l9_4S_J26sbOZkoRLU5WCw,5.0
fBo5pZt5gQzYNU2G0RroaA,UH2ldoHxQNbS1y5boOGxhw,5.0
6KQrAmwODzCk7AKvW6MRZQ,EB2p_BSIqH44kcTKO2Qmag,5.0
dLYtjLsOCUEWoN5omlFdog,VjA0dyvxCZSn0vnNdWLbKA,5.0
Wm313MYbIWhYQzgRpoU6lQ,dHT6IdPnAbMvLEPNjoACLg,5.0
5pYWeVTOPvMm61XmPH-y4A,6UOp1MHRyDB1vwBWYC61og,5.0
Ul67VQSIrseZTWuMfM-M5Q,h-wfp57vE4bqd5XpSimVGw,5.0
mf71UvJhm31gvRuJwRaDhw,EGX18yRggGbseDGKPNyTLg,5.0
XUtOB5uULDcmifNjfhB2QQ,b5Jtx3tXhKBlFoVe0J10NQ,5.0
tXpn27anc5jwZ0aqBRqmCQ,AMH582ZBjMmZ3NbCt28DIw,5.0
8eD52yf_JamRo91ZvU-SDQ,WiuI1gooeRu56OB5rY9GAw,5.0
Kdm7zgjv1hng0FHYj49SsQ,fIZaQWxNGe5Zu7eDDddl0w,5.0
aAgIkUMsUY5Hh2YzBkB79g,X1rviqiHyXL4rw6Bn4KsaQ,5.0
0imNH0pmbEF2axzy5N0YZA,z8JSPtquEA8Fv4T2d1duqg,5.0
OXfoQkB4Q-zmIlJaXssWiQ,CqQSzXFLH7lE2CKzUWH42g,5.0
rxzcLT66MU3kbJja3s9lGw,FqTW9SXHTBt5F9tlvNG6Yw,5.0
CUf-mJv3qFLddCLru4fheA,vs40a26xjK2oOIZqIerJYg,5.0
QCSsof2a4W5_b17lmV5Epw,jKH7pAblR2WnZcVeFNYqhw,5.0
8HV62WzuOGfmfsB0o6C8dw,SPp46aC_4VARzuSh-861yA,5.0
yL-Pc3BOIifKm_B9s7y5ng,wgIfcAF_5OUBVHNuf1DsGQ,5.0
62YuLL_8CW8JaBz-Rq0IIQ,ylcYpTe4YJFf6ytDyZq7rg,5.0
lCoVwxEhBLVnqzMGocLAsw,RRuPYDlpbtX2oScNZX7bwg,5.0
JYkyaN4YQlGQTyEJiFYf6A,vmygwd8y38EIbJL_FiMuEQ,5.0
mr-mA6hO1QudIROcgN_1-w,o0YYqB_hn2jJxyzZ-6dvvQ,5.0
J0Y8yZSRNbDsOVvRi4fWlg,1uXrs6OJPzi2G6cxx5o32A,5.0
gbZ4fi-3k0QUNc-kPxkriQ,ezJI63Crog5fsWie1xzG6A,5.0
xxjnVPx5htuCJlbMUIeN1Q,UN1ZMropPN_Vo3gPMPGkXA,5.0
1ywncvOGwXCXi6_QZ0uN3g,HkdIGOvJunTJG8hR1l09Cw,5.0
tHEffgbMycPxk7Ti1XQfjA,QJsDOrxFwSE9LXYy6mpAiw,5.0
amkn_7mZqeBzZ_NhUO-rQw,goCFS0pASBNIJdOD-e6KkA,5.0
5dbR-_GGyeRD98egqia2tw,VzBavobJDICQ5A6jSMt9cQ,5.0
82HVGyG7j0zj9gkIq-XyFQ,6D0Wqg9dVh_v-aUbVwLIHg,5.0
njoNdxV59UdylzpS8Ls0jg,g194RQZ3Lwp9SOrJxGKXAw,5.0
xYCWB2tQDf8U0GFVJKpBcQ,vc-ptXFM-vMYnwMwZhm47g,5.0
JInMEmXPYBMwhmTs0F4hHA,QwXiuIDjX-yWa7_f5B9puw,5.0
_rQblvWXHieXFCUVlOddsQ,5iUoTMPe68uNKa-FZR2KZg,5.0
F1SwlgP8szhusCv4Rbrgkg,SpQmiJDDWmKSgFDReklMTg,5.0
wVlp2wc1OzEdWLeokk-Fjw,XMcG6oDddSMyWsOEI3v2jQ,5.0
bbucvMWQyMP6EFF5CdqM-Q,CyTdLPijF-Q8zia9S3bQvQ,5.0
xTmlJo5P4yY19kbrLAHmog,9yyd7GaPhPjhhXWq61y3IA,5.0
qZQDcemWdY_zQtT5L7OcTw,mpHInkENPWKBQX0U9dDgrQ,5.0
GUnEYP6D2OPWf3CBIt1NRw,YZxax_JxJhRNiuGRzpTZKA,5.0
88xztEV1Cg4oxnhPyK0MVg,tJuENHCYzFD9PqnrLRCnlg,5.0
y4JvddwqLwrzGfxgHeY8yw,uYNjeZ5UvIHvXZ0ABuXF0g,5.0
9uIwtXoKrLCpM5lfU_XSUQ,8231LyFApqIr480PKQR2cw,5.0
pCTP5I1VV7ed-3PoriKzew,J5poTVR4Uqma0_-Iq0oGdQ,5.0
0GXapu4D1ICGwfdvMh-CVQ,euuI0_ECSOzs7Zxih84AqA,5.0
NfoUVmfvDDtYGuSgtuZkkQ,CEiV5uTE84QQ4NRCJL6aTg,5.0
tPLp6_qypGzpbpnWDj6i-A,SA-lp8HJOh8km9sZJsJnfg,5.0
hSnuHl7LUQzzNLIDPVGG3w,sqagmxPwooI6XVvSjvj5YQ,5.0
3q-cdpkq71OQIyeNzWSAsQ,9BqYBdI7xqgmrqwC3tacEA,5.0
K-vQKeJanl475MSs4q6jEg,xH8XpThirOKC_sRmYSp9FQ,5.0
K1x3nXznja3W2FkheqPMeQ,4z2zE8WVH_linhT5APMIPg,5.0
oo8qhljL1n4sYlOxHyqT4A,9Jxo_vUbKBzdpbJBDU3pdQ,5.0
xnlHFW_ipwwgYkM4Q42alA,v1yoP9ALApAvRGQ07mSdWg,5.0
WyVV_ewPQJg6W36K0zCJQQ,8pI6NhRCrxHUmJ8M_8T3uA,5.0
HPMP_x9BgZ86ZPDNRg_NXw,JB3fC-OP1-Jtii_VSh6dHg,5.0
DHtQkjRveTwNL7Qaig80LA,0MJvRl1WeW_fKjKDGF4Itw,5.0
o5XS4btOIAiH8XVn5zVEHA,mOkO1JFFw2Iskgg30mJABA,5.0
AgAcStRh6TnGljITs3XDsg,12puMeoG4Y2OS0Zeh_4Vug,5.0
sGuc3yvGbS54XBrMdtot9A,LD2EdAmSAV32NornQKtXHA,5.0
tT0bTw1GSefx0LZLFf5HZg,Xvux58ztZYqEEKnfh5e4Dw,5.0
GAB3Cy3Q_D86wUqEdLOvXg,NGRq-fhraWVDYpAs7nw-RQ,5.0
s_AYC3qLjEBNbBsfdyTqhw,X0po3hlZm1zA5r5_A7_I8g,5.0
N7USnypeBdnadAIfpviOAA,cce0rPlPgmMhSVN0b3Dr4g,5.0
ZqMfS1b2GAbRaiSjlPuvsw,FOxFX-x1RBMw--JqMvVMNw,5.0
JO7HoF29HO128d0FOcx6Sg,iGY6rrmoxLmRrZuWr2DXIg,5.0
4YGUdTJnLWvqdwmJma33FQ,uKt-bi0YuOQUS0Yy0uqUAg,5.0
0yiAf5xeOFZLtThX_lcVMw,B72M5pQD7amzi3O7QehCTQ,5.0
lvDSFD2j63rM5PBvjv2MZQ,RfBadspMiubpR0lDkVDdNA,5.0
R_c_mwE2C2uP01XJb5jmCw,ZwUMmI8s0Gc4tuQ4nIB_Zw,5.0
EHn4IocYWwQloPbC-Xev4w,a6BMz9GirebgqsSpld-urQ,5.0
KkRhlPsY_OHlvHJQMorDCw,TXoOQtYA435oRklPe_3Maw,5.0
fiolv-6FSX1g0tp0MI_jMg,ycXhAcVl2VigM6O1Svx6bA,5.0
Q7yBhnHTplPF557zGfOgpA,9YLIFxGPYgH5PzT-Hj8--w,5.0
K91Trwiz643Hh-MHIgJKQQ,9PmtLYa_Cy-DtgI-tYlOIQ,5.0
jIC1vvKVBu1_7XBhchg30A,lauMl1GSzlgu-0M-ENdKQg,5.0
GYxB4tvzS_BvvEIrmkqkyQ,xX66v8dVyQ4JdGgPWEDufA,5.0
cgtFBaGnL1hr3_Ws_bSD1w,4iPxzZ3FaTus6HFTdCOY-w,5.0
_BmRJ51aNkkWICOdNAJotA,CbBqxZmkvEqwV1EFEexITw,5.0
wak1Nw2YrkCwekvCDyV9Zg,Q8Kno85J2thZH31KGb-Krg,5.0
YhzNL-bk1r_c4CWhBjNJfw,uPy7arTGvzSxkD5jZV3SbA,5.0
dFgXHFHfKg9deY6T873Yvg,NrNpYiY_fTXifmbhL5gKew,5.0
yh2mcLSAecc1AazjTUyjtg,o644e8y0gqcrjhX_l-HY8w,5.0
MCTuJmeSmaLl9mPpjtAK7A,CflUbh-nhJnpo8Uodr84dQ,5.0
IkQpOX4z2NxvIt1ZD6Stcw,KcvY1mPEQb0cBflIjVJj5Q,5.0
CTNgUtq4gpIfZtW4ggSlnw,uYEiDDgyOBuW1ZC1RBhRyQ,5.0
VapWd1DdJ59DFnxLC2ajdw,RvJdycyrP06vcTNr-byCTg,5.0
c0zOidn7QGkldQTc8edexQ,HOYYuo5ErA8guAtPfxFT1A,5.0
h6EEqK9kn19topntZSGMYw,VsscoyR-OjQMKY2bNXJNYA,5.0
pwcjHeODcAr7wzBK5jT6Pw,D3D9l4q23WSgDKN-091JNg,5.0
c6QMyNYmupqiCNq00RUp3A,ToC1lBAyTIHbSRDdaZRjKg,5.0
SmwZshF20zL0MxzyI5-0nw,9g-lcizIhddq4L4iurt5qg,5.0
5iHOhvKyIvkub0rclFs6lg,4N793NJDZEcms0yKyjSaVw,5.0
bWa3AOxm-a1wJ5fJPZnBzg,2RH_0HH1z3YW-2lO9wqEbg,5.0
iUjBfJdGBZ8b76Gf_f7jSQ,I6RJg4c8W0XYOl4Vsya_wA,5.0
InOHpnnXKTUgblirmf6xmQ,PVbkPTLHeAZfCp-nUTS-Ew,5.0
h-WvWBg99eHm7hLW92gLTw,MG7Edp3cK0wSVAuCx_43bw,5.0
jlMtIoVRasoJFOTKDwKoxA,9MHse2q2M69nNJeIGtAoEg,5.0
GyzzhersSuX5tg_0aHcupw,yQ7kjXT2w_ISkQC2TMCzEg,5.0
O-6l8jqZ2bXXN9sn4mTk7Q,CZj7es5uuGb4RtNWmyBVhQ,5.0
oYbQGHbmA_yAuYSUXee3yg,G1EStwbrdBbCKQnG4UYVjA,5.0
EiyV6fczQqwoyLEFydUKWg,kTLsBLzK0Pr-QDyQSj2h1w,5.0
eL_thfRMjLTRcc6KPQJVKQ,jmZ_uc4-Sd5GcniYfbHYZg,5.0
mr2wgPFhc_xH0kBE60tYUQ,yPWDGL7PN-T9QWqcJdK1Lg,5.0
5v2D6lfwTZJVuS-TQjvyfQ,5-Q_6MLNtoVt7u4fwuzcmw,5.0
N0VAASzAxqLkTYjmjmnbHg,5B40GOi3vnWkrerGNpIyFA,5.0
9J_l7Wa5ACrooorM8cxbYg,H0RtPGBB6PmFBVZrtUA-7A,5.0
PbMf0XYpsntY7N_KOQFljA,YBqB2z1BLCJxyv0sZZa4OA,5.0
RpQdYyHHfSiMObLX7VrWrQ,N53TXBzvwtep-O1LTYrLVA,5.0
Wk4QOl6LOHpW1F9j9tJYhg,o-Ql001ekTmFMDIyTLvIQQ,5.0
0_fXYw8-GRy0eTar6j_7mw,1z99pivXhZNFbg-vXwHwag,5.0
6bwIulBhcPPBcRoozMFFwg,tS8yAIoKHKOdvDnvQDLMPw,5.0
8f1zqecBF6pUSKT0cbNORw,OWTp39QigYY8r_aG04MLwg,5.0
EynFWZIIy-KLGlCa2Ib83w,i5-7pNVVJWjck2uAEUT0bA,5.0
mkr2pRwBtbNUiBReUusANg,XzkDZsfPNkqnows3ngOzpA,5.0
STS2O2lsE1u5gkAOBGgAMw,ypv2xbWuFggoCkiigXYiKw,5.0
Q09UOJmeAekXB5Y0N3cVJw,o7S4SXloTfy8i7ESiJeNqw,5.0
ZHlpWxgEY15-gVre2e8bcA,pCaqpiDDf_or5A-zWr0DUQ,5.0
9MCN-8i47HKX8_uEA-8dgQ,2GreXhwEXRLc673Mj_Vyjg,5.0
0amV7qLH1QNGV2abKmR4wA,HEIi9lYs-cXWg99ph90lUA,5.0
PGUit9OpHGdanSv1H6XSlw,TKfNGtriRJ5Azh8eNbFIkA,5.0
PZ2Ppx46x0AQ9F2YLQ1UxQ,CiFX18q6bfw5_Ob6MtMmkw,5.0
1iF8Vik6qDNcxCM5ddf8xQ,TsH8X0GV1DrbA7MtAlxWvg,5.0
XGmxkw2Zbunt5u2ZD96XjA,--gJkxbsiSIwsQKbiwm_Ng,5.0
7ynhsv2sY_hHgplqon2RTA,kbnDjeXlq9Yi4d8Lz1YcaQ,5.0
cHGEyerjnk8vz8SrDNwdSA,ATbojITCoQDhKqH8RswaaA,5.0
Yegjzqw8Bfgx-E9ENu5m7g,_olR8aeQ_-ga860F8tvG0w,5.0
oR75yM0q3I2Vl2ioNIQU4g,W4w89o1veJ7yhJKHs6Pdtg,5.0
6T8_IAltJbLs_WfQg7grwA,etOBc91UiRijNM8f1zeJmg,5.0
1BFoG8EcbSr3j3oGaHBm4g,mYqB1GAngup8xkkdrD1UcA,5.0
0IwvZVMdeb9nW3cESidRNg,bG0SvM1cIo7KNeX0HDsyoQ,5.0
Bt_zVxc3fVnIL0WOHZ1mCQ,R8cdeX_NLeCk7IGsGSX3fQ,5.0
vMERvBY1l6qs3IKs6Bc1Yw,KSz4iaxIkC0uiLZJjM7AAg,5.0
BLrtlkm-j0mvWc0X9DA7tg,rppcrq79Tz0mmUw7_mWgoA,5.0
ByNSpvkG6amPqgKyK3TGIw,T9kf1YuMNz6xrajRh7enyg,5.0
5fBL_DYLnphhCcfSeomyhg,ZDzDV0MW0qc3-4JbjkOnWg,5.0
4ycliC9i8BVpMsTLZU4YFA,u8Re0Q_j-JELa5_4-kpIGg,5.0
H6b5OU1JLz09uNAyPFf9EA,Pt3zysqPuQm0XKlN4h3rGw,5.0
GdISFTFlwMoHopfE3uboPg,macNVhkE6uZOXM-Wtt5bBA,5.0
NjEq5c1hGAx4PK-FrP6CZQ,zqz0tXwhe6TJDXFg0Nz5nQ,5.0
guJogGet408kqUdmduwNfA,FxOrCFtUytkNKxpJ0hTHRA,5.0
wyeRBM8wJ93-7TRKDBIJJQ,_ADJ8WRmfok-01lwYplybQ,5.0
_YeqP1R1rq-8Xr6gFl_boA,amoL0QcieJknBBDoozjuxA,5.0
accRpfUXjNbGYnCC8tY8qw,vBajGjAZKePMX021UVHo_A,5.0
HdP2mv2hu7yNTLhDcVWfmw,ojAkmjXt3r5wjNxPoZ-NZQ,5.0
47-f1S-Mj6bH_zUwon8QCQ,VzJETJvbd_A1AaMJkaAwFA,5.0
cQfP-mOhf3W6kURu9jfrxg,zhUFx2fd7S0DxKSQJ2J4SA,5.0
w788UH6nLTdY-jA9uMlUXQ,gZH68o3QrxiMFtGg2zVqgQ,5.0
zEjXhv8rBfxnJhJZb1Tt8Q,cYUFOGu9ZD34mP3DjC6vGQ,5.0
bWBF0ivHiBSGQu7K1-zmoQ,DlqpjHNz8x2oND1wyHp1ZA,5.0
xvXmyeBUvBBUZUpagEBxRQ,ItEJOdUrfKy18pprV-TyYw,5.0
15LOg4GQhYvHOKqFvz11LA,fnAskN29ZOIefCOB_J2sjQ,5.0
KF40swZXZpleaXSpTwcMSg,jnSKRJkNs1F5a2wWDem6xg,5.0
81aXh9Eh6o5N__KWLGMvlA,-0qOecqGXEf_6TwaiX9E5A,5.0
k2oVHspqnAO5UZR18TdE1w,XQvtwo371oqkZSO01x1pJQ,5.0
s9bCeMDB7NhqpFzAbRZtGA,ofG-B4hIzJq_qidBrfyZhw,5.0
yEpi3OcNouUxCnQWtsH_Kg,Zxlul--TbJ2qW9QhW_VzUg,5.0
jjRB62ioi-Iq-Hi4ah1Y-Q,cNe2kv4OX-ciAAlDrT0nvA,5.0
28ephrNcOD1T9xMeLuMD-w,amwlIN_keXCgw3gTvb4Mhg,5.0
OMuC2jkZKfB4hBwiJft6NQ,wseTiH0RiWXM-tuwx-TiEw,5.0
ehnabobUaP3veLJm7O-H_Q,Ka81lwF4YBxyjcmt9kVEgA,5.0
8sNV2DkRxVCL4aYBLcQmIQ,wIX0p3ZfPinVJtg-yYgrlQ,5.0
jQLR6GEdKFfBoPWBGoO41g,BlQjz6Qx7iqMUQzvOyUnmA,5.0
D4SsEni5VhG6peQGxvQKgA,K9a4y8XRPCep_zo6gVwWaQ,5.0
JOWwNHfjO0K3SsYCIwm0Lw,KNVA1iBKBZARzdA9SasgDA,5.0
iGtLzevnJbUpul6-ZC2sqQ,8sUOL3Svz6KgBrtCFNDKQw,5.0
jTdLYMsvRwAZMbFSOPRyBw,PiHChXsj6UH9AZeUqzpEvQ,5.0
YDscwNS2K1Xu3PvVjH5yqg,qT9VpKHy7meFeidwXsN1sA,5.0
yJw-INQaFAljHCWQYEG6NQ,0UakJQt4R8r39Bq13ntjRA,5.0
WZK9_7lPTa2QuXknWeLrcg,g0EGRY4TvP-VI6I6c_6O7w,5.0
KZcpfbqCCXYm9ffyWMKq0A,TgedHxemNlFS3I4aS6zU7g,5.0
6uiTZZz_7ciMUVyZghEVWw,Bi_kjzDgcNB9yobFM_QC4A,5.0
TfqiTNsEv_BTi_qXbkg9-g,oeA0KXqdWwbBJc5FUFLazQ,5.0
ngMcviOSWATEWmEsNSGC1Q,DybtxtUevHQwGsBJlJC-aw,5.0
QGnAeRxHYTL_0wBfl8ljyg,6XZESJv1rcBnSDNn6X86Uw,5.0
D0PEftdY60n5gaNPl_bpFg,Dd_C6AHCAamqfDgPnwW9cQ,5.0
FZBxDwLawTVbrryQWzdV8A,yk8BDiK6tBcg_rLJtyKWKg,5.0
6VD0jWckSenbPSukHxW6WA,qZUxI5RbbLiGLSv41wiqWg,5.0
Nba6DQFScSef9_a_MKKgqQ,Pv6j9JC0d_7v85Z7TkIiFw,5.0
B8Ny8dgdEsZRmbVKVmzy4g,5a-L0OU42JPK55h3oGowZQ,5.0
QDQqbCP9tQTSWeAYcRdvIg,7hGpL1Qv3Y3qYgJCP6UeEA,5.0
2wT-MOtZcfbAfyS8bxFaEg,N3yd8whX9BW1HLz63XthBA,5.0
jgbtSc6ljXeTQX4SogV5-g,uKtnOXVStnOrYGqh1eGP2w,5.0
7RvwxfNAFYh3EPK7gvndEw,BRs9RVFTpErtUSB7uD-mYA,5.0
NIof6O-4MUrwasdMMOdbpw,aOz57yKwaphCmt8xoFCG5g,5.0
te7h5Zd2oNi5t1EykgqcQA,HRmbrbl0FgKc8Q_QmlPcew,5.0
Q56nkwfZTJdJdduHtERHpA,bpGhMp9tuiGQCeQKNXlWEw,5.0
58SFk6f7PJXcs4fBeTgkUw,jpIUquM3eHfiuy2IiwvVeg,5.0
3q-cdpkq71OQIyeNzWSAsQ,a4qmoeiRlN6QQ3Gn930j5w,5.0
tUTUbqHf6Ye_aCwAIty7dQ,kC7N8f2NwoqL21xqaj6iKQ,5.0
6Hw4QK-4gQZL_KFELPcaeQ,3Vu_bxaqbTwnzGju85R2Yg,5.0
ziWxhj9Dbkb1g3nvTwuJag,nhf6me9zjwT66CJ4MNMStA,5.0
b5Pxcsx8qj4yUilEFNvaxQ,5MZN_FO_IqErFekR2lZTEw,5.0
ov2b6UuE7zCftI30CVVZug,sY6eWKPH7gpqG58HP0DGEA,5.0
8U4-PfMH3fTglPKf77nE8g,OeGGbMsZOTvETxb_QYkitg,5.0
lK08HBfNXxXo5cDBZ9vElQ,KIjNyd57VtwQStcU5DhVmg,5.0
Eowtnq5BSh9KSOaL2v5N2w,KbklOyVTejoewite5VifVg,5.0
n0ibUZaWiWIvxGbGHM5T2g,dIDQR0I5uRE90bnrq-t4uw,5.0
0TmT2rA3w183aafdXnMTFw,XG0pTbdjYz53AqkXjCDkPw,5.0
zDz4EvuqGxw9Ss4IjEigtQ,KnO6rVzvNshHc6C3HQAf7A,5.0
Wsgj7hN3ZDOfOFGD4RsHWQ,sHJ--t6ttHs8Y8ohAfAi1A,5.0
mGMBD44_7P-iwhnE7cD2aQ,y8-pJyJQ_BO2GJrWowaiyA,5.0
nNlX5sYLrHOtwrS3C4nGzA,3StbUpz7IWtOeOpOvPhphg,5.0
VF6sTRkD8A79gLlt8TlnNQ,o8Nkzy6byRH9RaEQWrIoJQ,5.0
RghF4sC4XhSX3XyNKPN9Dw,DCCyDTwYhyzeznIyDpjmBw,5.0
4w3T9S6ojzFka2pS_HyRqw,LgJMQdAOPm_1dlZ7fHJunQ,5.0
uF1yri3cl0sdgHEfW9N_vA,0z5hRdV9bu05gAqUt7aFlQ,5.0
6qVbOYv2jN8OhjRkwVoOOw,4wBv2DoycwLZwbb7xaqs0Q,5.0
SZjKvnRhqaBGff_bEdtmMQ,-LoqS47uKarX-tn5PXgWYQ,5.0
L6QZS9BvJJUbzoWLkjJHSw,xZfs3QHJVMU4wpsBRHQOjg,5.0
p0bBpQJJmLKQp_BmcTCfWQ,P3Mt6a_ief97JPfzkiSsaA,5.0
yEw5nyuMNAaLRd7jhAtwRA,NHVQ8bMFx_vMRGIoA7ihBg,5.0
yUJ1OxyyhZcjtTI4Fij0Tw,IgCwdvf8RTNUkcUhylBGBg,5.0
DD0NjBMbdE-u4D6Y8u-ELA,KZW_CVB-8pmIGYX_UVmsqQ,5.0
5ECuJbjd3AnO5-OTQfGC2Q,2k3DNNMHtVwk09BoSCxEHQ,5.0
QCSsof2a4W5_b17lmV5Epw,NEqlF-UdizoKZ3SEwh5VEg,5.0
QHSptqus5ggyQkkhmU2bTA,CLEWowfkj-wKYJlQDqT1aw,5.0
DCvtETlyx2hlGcyS0Lgdkw,kpwd7oPk52gQZ_Ni8aj-Kw,5.0
j1AxXdmnDDB_Kl4RDdI0rw,fzOy2gQYML9Pb9XVzWAL2g,5.0
w4hz1EFYwAjnE_PFYpad6w,MOX7i2dQMS_ZrsJhQ6-0QQ,5.0
_XB7MRNp39rLLSWd--n6Sg,EbBQI254WN0AoH-y21-gCA,5.0
tQueD9Gstqe4Cv7iuBAsPA,z-s_l9SLZiqhAArcdkYOaw,5.0
wCvLb37VGJ4INVxubnNdWQ,EIy9vk7eeIpPHRjD1-PnNw,5.0
_NPQCgEfaae__tSxc_jZwQ,rugMei20nwoL-Qi-mpuxVA,5.0
EATRZVZ2J1YvmWbwFILojQ,aQopU26oKyD1mmDS7CZPtw,5.0
kvpj6w1NsKEulV4OKMm8cw,Kc_IvXtGDPmHjJifS-CuOA,5.0
XPXa008B2_dg-sH9HdUy0w,cV6qQ58k6hPYci5n8jxX5Q,5.0
8LRYHxWmHFqxBAu726yVlQ,e88j2blzIYJGIAuQO_F68w,5.0
mDpT6uioo1gUw6X9vcMXiA,WARb17HevgrkmZDDRXRhGw,5.0
J8Qe87igp0O7Fg7p7UknYA,uCTNQAoc5LmYOC3569nboQ,5.0
M8wcPPvTHFWfqJJ4GHt2xA,bP8Y5cHMda64Z3tGA-cYzw,5.0
dtmGI-zQ1W6wnk1sVSWSaA,0K_sVYoJkjNJiqQPUR4OuQ,5.0
klxHKDBLwnT6vRLLvQAUEQ,dN3z-n8kWpJ9wjHEov_cNA,5.0
EdKhPd7BlBpKlIJGBIQ1Ug,9hbShOYWAjjfl8bJy7n3pA,5.0
CJJmEvb27Jt1d3glKcTD1g,qstUIThj90vC0jNjYjoxug,5.0
2Jn2CY2UC9iJh6sIh5w3PA,kMSUZlaMze8GEqwiohYFBA,5.0
5-Rz1crliLX-cVSoYcrHLw,qDo9F_x5Qon3gSJ0AyZIeg,5.0
TOQEbqu7X2ZhCuy6IIGT2w,LEzpPSh5swADnEmkeFR8Pg,5.0
hbisMKvV9bI-wZ5gOqhpmw,6OrXDINe8_u4UU1VetFiow,5.0
jkGNtgVkA6WQpCkA6tv47Q,-Um8zHmAF3T20C7aKCjndg,5.0
YhWdSet6JHpasQdsjYYT9Q,an7KMQHzxBZeyxCyj76lOQ,5.0
c1H7Ee6aSZZEkVQMCVLBhA,YMzgbe6DJ_40oSv6_gNLQw,5.0
hxZiqc1KgnOgVy_-2vpMhA,qM7_jNcuhPuRmbgWYjRBEA,5.0
fShqOHdwzcIKiqI3qh08Zw,At-3xbLHtlKsa2_vUHPlyw,5.0
Gyja-zImt3ZCCp5up75AgQ,Q_sHBiJ2zRy4z1iI_l133w,5.0
IMrBCu7lei00U-AQ5NheNA,phhhWAJiNCVeTMJPNoR8Bw,5.0
Yu4bKgU-yPr3or7kUAya1w,ejkLxMkeU3GJuFkY9R9wrA,5.0
pRwSr0-jI-OkflYkRdKfBQ,zPRKwvJu8eoDixvuMVR4DA,5.0
U1Tw0fLXGk43lgmAhi3Zzg,gDi3oN7LsLFsEg7ayg2T6A,5.0
jZzD1_EyXBUp_oAXZ54m5g,GP8aRgm2lbv7Hgv3pe2a-w,5.0
7IuDIfigW22WNzheGMJiDQ,Y7155Nrd-F_nVWErKX9NIg,5.0
apx3Kpz2qV3HbKC7s6CLcA,xBQAEzQaUsvHasCp_eYLKQ,5.0
aFsCtM_LpK5vg4__vBagJQ,AIHmAQbFb3_cqhrqGoId4Q,5.0
bhDQZDMoKuLzoBe7q3fJ2g,CJpVHZsBs2QIyCVzzmbnpA,5.0
Ea7IUg7LyiPAePl78ykSlw,3hbgSQXmvLBvttxwfAasng,5.0
ly55GnZZDh8S9JM7XyqOKA,f2EryWpek9OFWrkR_jXQAQ,5.0
f0LJK7MGL6FAqTHog4jgSQ,hzry_2pw53_GkjJFsMzo0Q,5.0
46DYK0bzBDUPB4GZGx-QpA,IReGQozKLvvMpIVr61caYg,5.0
bkIh_aiim7-RTXsH-CRnWw,V58Gx-Skk1IphpssvMKnvw,5.0
RIl6rmCMB4kD6s1HL_h-mA,pvyWBcZeRg1RnP4BTp-kCQ,5.0
mkLzak-HBhMznJaBlIILWQ,cAd0-3lCaNjrhgm0GluM1A,5.0
yPKRe4nRqrMJKUDOH63rFA,13GR3xAcuIH66fin3ZLxwg,5.0
13-VPFaVZPjRlHHwwozD_g,MWvkorNu6WKVgB5FGWVSRw,5.0
L8E5vQqXX_K3pAXs5Rhg5w,YEXdh3eybRPWninCEBtpUA,5.0
K1jQq-vsamONTddAfAVYtQ,6-XiYrhugp5xsx9Ofm82xw,5.0
3rG-JzD9-xk8YoW2OQnxPA,G5IPYoL-c0mZYVx62OlVqQ,5.0
eTOetOhOCjFpPlYAu1mw2Q,Kt2MjnFNMt5NxY9OBDQKqA,5.0
QBcil8MiOUV8m9MhSV5aCg,JdRP7ZppyhhnK955Qcp20w,5.0
ntu9_zbadx1R-tL57aoBSw,d49ly-dvDu1GyfaEOzrOWw,5.0
DcaYVEu1bMNF7Hxns4f-iw,7m6eMVvrMx1DKiXxocYaNg,5.0
dyczsq_AoSuzeAqWQZLJew,TpIhYxu_bwkj0JbEmEPg5g,5.0
MmI8ZSFfp9RJGSAFdZZLwQ,3pxDvNe2bHkT5hEFssrfUA,5.0
P6q5oPGTuKysltqxOhrOBQ,wcppVzRVOFwZp3-Qdwb_TQ,5.0
F_yt5xKOQUom01bEF6bo5g,jmk0b8HZot9h8q6Y12PvNg,5.0
k7VwGVoruuInNWSw2R9xYA,thvK2OYrjTJnjSrBAnay3w,5.0
WNsAImC1ioixNP_2lOAZ4Q,qelFKpW-xIr6A5SLBjmVHw,5.0
672Jn84vx1CA23FPLz37Nw,LNcfd-D47Kj9vYfC3cK9Lg,5.0
dvC-S48-cf0SNei0u_DH2w,bfT-S1heLJloRi1VLDXSPQ,5.0
VAX0opJYvMkA5DbsbEdKlg,EDODTmZbECNOErpUFgYk9Q,5.0
rufHeXtNMxxaYYdtAxJOcg,sZpCsqIbCfHr-CziYw-O1g,5.0
L7AyIa_06nLH4q8p69la5A,pSFiOUTMtyoSBpZ_T13rUA,5.0
RlsyX5YbaDrkpHyO1GY4Fg,7e_KHdnAy5wwyHbCwvG8cQ,5.0
_27D7-Q59wq_ytlB17a4KA,tH5iprojwzyheG05S4pA4A,5.0
vOssX3-YwoP4DgdL7uFEHA,XUTboDILPqOYaEfR6yuPww,5.0
GipAMLohZ7GLdV-8xuO_YA,9Rww8yE6Dm4dSMEq09nwXg,5.0
OQyx3stFJBf762bhijtKgw,Vh6mWpkzFnV4g8monRCbNA,5.0
DHqVbu9HmdMAoqmGhEPsDQ,_WlLuhqMZYu2VEhwiSnjXA,5.0
Fp0SeuMpAzcwPITfyF95hA,sAiNnCX2wNBAbS06NfUQfw,5.0
Ou3k-QKu3OZDvw0x3vzirA,77AGvT1KkYZJtyr6egeiZg,5.0
G4YNeQxBRl4eRoLeakjzQg,AtfFqRVRD9w6bB5l4UyChg,5.0
-GaEmb1YTm3Hf-k7UPxhbA,TymixFyiKpCGNVgvxm7oQw,5.0
GqechIkFJkjdcVaThUcpdw,So6WRRwHFMd2tusWnoZVwA,5.0
GHL_95d8PCD8saF4Oe-CTA,DTW52w2NNaAf21pwlNSwHg,5.0
kyj2j5G2Vv66hh1MAm0sFQ,lF5MnWhSWQ1cBN9T7-iDOg,5.0
dBH5v9mjfmwOEwIy72itDw,U3Lk8KJAa_XKeMfDiHRXNA,5.0
L1yGBIgv9m7_JEh-9DHq3A,cn1yw-FBNxGYT4PCaQS-eg,5.0
1hds6vAsZ8isw_WoNy7K1A,YVCkBdxbgQlPM-yU_Y7Cug,5.0
cVEsSjQemv1Xniu2c83YNg,JZku_jQeeHXSdsWdXaW-Hw,5.0
eK4mFIAJbZYnhX8G0X0aiw,4HHolU9V3HaBsVf9BuHcEg,5.0
Vil6IdHg2shryau-0vtVpQ,ierIxYI5PFNBDITydTs1fQ,5.0
_CeasSVlvugibo9YAJF5SQ,gbetDRjllP5cOxaWxFjGHA,5.0
pyehBmOOLm27wbIIrhrbzg,4Wwzk7wkTNZ8Gy0rekLPeQ,5.0
LbsBW4ZvUiMHG4ewE-8Rqg,21FmdG3T6NuZ3pNm9aOMng,5.0
8wfOsgJVzuf1Je_nQfpsoQ,Tgln0v-WiPH8HkuJeJZUqA,5.0
SnWzeYGr6VcCZpFbwWYdzw,MIpB_MNDNmtB61hu3yFqVQ,5.0
ABiYupJuS7H9iqh-nIwviw,5-lsWndRatqrCG9pEwcP8g,5.0
sujV7cfPEI3cfHne8lfR_A,4LxrCAMxPhoFGCAF-dvWqQ,5.0
8cWZCHO_WC9tNMTbvP-k2w,vnR7xIHTh2sh55cqJNVFEw,5.0
E7drWhPocj5mNy2mzRJ9cQ,mzDiq3PKYqQBV2pdXLAjFw,5.0
kf0kx9MFtmKMmjLn5-w4cA,4L4jIsbks0OpjnDOs1Ac-w,5.0
qNTmfcxRTJN0yxqi7O-SVg,oLUopPGK25ty8bNPaDaTLQ,5.0
BvEPeUABgeVp99_E0MgG7g,vvnbAFb-aY1ykHdq9oMB_w,5.0
EJ3lXWa_N8Hu43slZkKu1Q,BcWx80K4i0LjIkH40o_Kkg,5.0
-dN3ww2WYLkwAbZtJHcLHQ,WSfT-yhUSXMk4h9dEoyNJw,5.0
tvM_TIxqzzsD6eRzMh-vag,WO_wZUmLvbIyaTZYeaS--Q,5.0
2MjhghBX4uyEbjTkVXfoXg,TM81Bgm6ynYfIE1lCChyfQ,5.0
fxBHTnapEfWLpGZhqU4gMg,DbHJRVWZXx64_5f2M-RUJA,5.0
zWarWRbw1bhTY0DqEmVX1A,tcCjpEEGxXf46vyNNb8rKg,5.0
GooW0zR8-a9Nj1WFdZSNKw,fBNjTSdPJ1mtTzIHYpQnDw,5.0
Qydv6UMm-NfGSadWTY53dg,hhB6SG75iRreNo0ZiJZOBw,5.0
L8OCDJlTIXjJ6rbTL3VhMA,GZsgQBg7AiFnD0W5hWF2ig,5.0
3EXxjEXamf_fuck7lSuf8Q,8UDUCZcdrAL43UaaQWHQ6w,5.0
yDnh0kYkeNU3v1nRF5uxxA,wd-7MEBIsOLVnYaw9BOy1w,5.0
t3TKOC88EAPsqbR5rYXqPg,oLdqWw3Ct6Vh7k2cVjqSsw,5.0
LRYKHeVm5Cr9PxflN0FBOQ,xaiOUSSSf9rbYz_4e6dIcg,5.0
2XBgqik3c0yC30zAztGhmQ,EjenPUBG4SbxpC3CB4_Hng,5.0
xvXmyeBUvBBUZUpagEBxRQ,BBGWBlihfm0vvLkcRJR6yw,5.0
oGOQL7OykDQ_W_2N6SHeCg,ZP0QFkDEMQXk2GablA2J8w,4.0
-uxKGq69MvZOXKNU5gpKsw,qXamwQGq8p7VXm1GwN5yZQ,4.0
KEBxV9BAxNTiNHP_CElsRQ,dfv1W93sHaNKAuY2XOufVQ,4.0
x2nxI6AmdNvUqOG9cZO24Q,ZVaEFKOBAGsQSn86xM0_UQ,4.0
SKgWchNTj0eP9RCKw0Ns8A,KxXYyjxgRPMy1kdxDDKAoA,4.0
A99W5hpAKTAnX8ndyOyMyg,mQA2t-a03tmQ5qhqRa39TA,4.0
X8k1Ki_ZvVKt4cQy72uGEQ,QyKVJ1vSYZg_b6bTIslbwg,4.0
RjtPdLUI_r_kJOIGfyRzdg,iffqq6hDurlDWKQThZm5uA,4.0
3zcSAv1umG3BEjGwG9Yntg,ITArphz6LYBkall0VZYVKw,3.0
oXEKYNWfzwTxQ3ZuBydikw,7oej-sB_s108ZAK1ATIAPg,3.0
mkRtTZBBZmZBRQtiAgnWXg,g-YhAgXduF_tz38u-lQlWA,3.0
m7y36VHp_UTqAdSR_2DNJw,D4yA3LQRAAErqOf_KFXAfA,3.0
6ogYJ0jztqMrxAhhslQnzg,91j8b2vjlHPy4EyvjRa5UA,3.0
s_AOi5xQMuYuBPZKk0Rd5w,YiAF1SaKXKh8f9HHwjhefg,3.0
Ka1Wo3jxP_JsTd8AiiBBxQ,4uSF56Wa7sFXuTHHxEq_tw,2.0
v72SK67EqLhBkLED0wR1qg,cVyknd5MHhqKvGwayRHzog,2.0
7z8PDHfnMpDwQMcEeQ3pdA,XCG2Qr4vZuJRCPSp5Y_y-g,2.0
D7r6fX-VPkWSaCAmIZwRxQ,oGE7WCtqFfkY_QorkFymuQ,1.0
q5jfHI0ZxvCNfxABQp97zA,_tR1dQhKXmowK-WLNzC0Rw,1.0
THR94yczTXgAyQinjopkCw,HJAPV4PaxPrkE2vdn-HIdQ,1.0
TuhHqtPpuUL0Ev2nWT6zPg,bYmCTwHuyb8CK_hNM913Ow,1.0
VqPoRMfmU3Qj2RVVMTCznQ,zVDtKWArVQnESSsbrgmVCw,1.0
loUjZyYvSux8fy28vFbvHg,FYzZd2mlMIPScy95UY2xkw,1.0
TzYPJhZMMHt6eceFyI3tfA,ik-kAu3YryyhohJ8n_NNmw,1.0
WfFB9pXqMETGVsSaDovpWA,qVJQZBNykLj1ftT8G235Mw,1.0
Jfd_x_3dOVVkf3arJps99Q,Vt7D_WF5d_O5nsDjGbvNKQ,1.0
C6PSoEOd9OjTQ-YO9Ftn6w,n-hEy35uukSmsDMCAdSbbQ,1.0
c0yXXnj_8hW5oOzyHjGU5A,mFbMQL4s9fhnNRigkroJ1A,1.0
mqsIYYlzlJNh_YPElu8HhA,ymIq8acsst7zq9XT0VYH3w,1.0
SDVWx4ZmVr39XEoPihapHA,veO2CMB-VpFJPwF_kXVkqA,1.0
wxxtVl6I0wibklqIRk8QHQ,ByWqHjSZGpa1KsS2sxrVzg,1.0
CdGlvgPaDeRCsYgEkAiaMA,5P_sxZLjPQsLDIYyQqCe6w,1.0
gnZNyJopSOcq0A-w_fneUw,XzuxMWIznHHLVTL7BFQg9Q,1.0
J7wIcaCq685m_8HKLU--Jw,WM7AXRA1BB6hVszoPvvkyQ,1.0
o_fyOC1zO9ABjvRNmiwcpA,f3Xhbknnhh0jjoKP-I0X9Q,1.0
4prUAFfcLWlCh-V83vU64A,Tky4LMt9IXlu0i5widrRZA,1.0
RFW1YjwDR0wdGdRKvl11Ig,yXHpVMz1RqjfkX10zeJBTQ,1.0
